FileName,Gender,Age Group
author_id_001,male,25-xx
author_id_002,female,15-19
author_id_003,male,20-24
author_id_004,female,25-xx
author_id_005,male,15-19
author_id_006,male,20-24
author_id_007,female,25-xx
author_id_008,male,20-24
author_id_009,female,20-24
author_id_010,male,25-xx
author_id_011,female,20-24
author_id_012,male,15-19
author_id_013,female,20-24
author_id_014,male,20-24
author_id_015,female,20-24
author_id_016,male,20-24
author_id_017,female,15-19
author_id_018,male,20-24
author_id_019,female,15-19
author_id_020,male,20-24
author_id_021,female,15-19
author_id_022,male,25-xx
author_id_023,female,25-xx
author_id_024,male,15-19
author_id_025,male,25-xx
author_id_026,female,20-24
author_id_027,male,15-19
author_id_028,male,20-24
author_id_029,female,20-24
author_id_030,male,15-19
author_id_031,male,15-19
author_id_032,male,20-24
author_id_033,male,20-24
author_id_034,female,15-19
author_id_035,male,20-24
author_id_036,female,25-xx
author_id_037,male,20-24
author_id_038,female,25-xx
author_id_039,male,20-24
author_id_040,male,25-xx
author_id_041,female,20-24
author_id_042,male,15-19
author_id_043,female,20-24
author_id_044,male,20-24
author_id_045,female,20-24
author_id_046,male,15-19
author_id_047,male,15-19
author_id_048,male,15-19
author_id_049,female,25-xx
author_id_050,male,20-24
author_id_051,male,20-24
author_id_052,female,20-24
author_id_053,male,15-19
author_id_054,female,25-xx
author_id_055,female,15-19
author_id_056,male,20-24
author_id_057,female,15-19
author_id_058,female,20-24
author_id_059,male,15-19
author_id_060,male,20-24
author_id_061,female,15-19
author_id_062,male,20-24
author_id_063,female,20-24
author_id_064,male,15-19
author_id_065,male,20-24
author_id_066,male,20-24
author_id_067,female,20-24
author_id_068,male,15-19
author_id_069,female,20-24
author_id_070,male,20-24
author_id_071,female,20-24
author_id_072,male,15-19
author_id_073,female,20-24
author_id_074,male,15-19
author_id_075,male,20-24
author_id_076,female,25-xx
author_id_077,male,20-24
author_id_078,female,20-24
author_id_079,male,20-24
author_id_080,male,15-19
author_id_081,female,20-24
author_id_082,male,15-19
author_id_083,female,20-24
author_id_084,male,15-19
author_id_085,female,15-19
author_id_086,male,20-24
author_id_087,female,25-xx
author_id_088,male,15-19
author_id_089,female,20-24
author_id_090,male,20-24
author_id_091,female,15-19
author_id_092,male,15-19
author_id_093,female,20-24
author_id_094,female,20-24
author_id_095,male,25-xx
author_id_096,female,15-19
author_id_097,female,25-xx
author_id_098,female,25-xx
author_id_099,male,20-24
author_id_100,female,20-24
author_id_101,female,15-19
author_id_102,male,20-24
author_id_103,male,20-24
author_id_104,female,20-24
author_id_105,female,20-24
author_id_106,male,15-19
author_id_107,male,15-19
author_id_108,male,20-24
author_id_109,female,20-24
author_id_110,male,20-24
author_id_111,female,15-19
author_id_112,male,15-19
author_id_113,female,20-24
author_id_114,male,15-19
author_id_115,male,20-24
author_id_116,female,25-xx
author_id_117,male,15-19
author_id_118,male,20-24
author_id_119,female,20-24
author_id_120,male,15-19
author_id_121,female,20-24
author_id_122,male,20-24
author_id_123,female,15-19
author_id_124,male,15-19
author_id_125,male,15-19
author_id_126,male,20-24
author_id_127,female,25-xx
author_id_128,male,25-xx
author_id_129,male,20-24
author_id_130,male,20-24
author_id_131,female,25-xx
author_id_132,male,15-19
author_id_133,female,25-xx
author_id_134,male,20-24
author_id_135,female,15-19
author_id_136,male,15-19
author_id_137,female,20-24
author_id_138,male,20-24
author_id_139,male,15-19
author_id_140,female,20-24
author_id_141,male,20-24
author_id_142,male,25-xx
author_id_143,female,20-24
author_id_144,male,15-19
author_id_145,male,20-24
author_id_146,female,25-xx
author_id_147,male,20-24
author_id_148,female,15-19
author_id_149,male,25-xx
author_id_150,male,20-24
author_id_151,female,25-xx
author_id_152,male,20-24
author_id_153,female,15-19
author_id_154,male,15-19
author_id_155,male,20-24
author_id_156,female,20-24
author_id_157,male,20-24
author_id_158,male,15-19
author_id_159,female,20-24
author_id_160,male,25-xx
author_id_161,female,20-24
author_id_162,male,15-19
author_id_163,male,20-24
author_id_164,male,15-19
author_id_165,female,25-xx
author_id_166,male,25-xx
author_id_167,male,20-24
author_id_168,male,20-24
author_id_169,female,15-19
author_id_170,male,25-xx
author_id_171,male,20-24
author_id_172,female,15-19
author_id_173,male,20-24
author_id_174,male,15-19
author_id_175,female,20-24
author_id_176,male,20-24
author_id_177,male,25-xx
author_id_178,female,20-24
author_id_179,male,20-24
author_id_180,female,15-19
author_id_181,male,15-19
author_id_182,male,20-24
author_id_183,male,25-xx
author_id_184,female,20-24
author_id_185,male,15-19
author_id_186,male,20-24
author_id_187,female,25-xx
author_id_188,male,20-24
author_id_189,female,20-24
author_id_190,male,25-xx
author_id_191,male,20-24
author_id_192,female,20-24
author_id_193,male,25-xx
author_id_194,male,15-19
author_id_195,female,25-xx
author_id_196,male,20-24
author_id_197,female,15-19
author_id_198,male,20-24
author_id_199,male,15-19
author_id_200,female,25-xx
author_id_201,male,20-24
author_id_202,male,15-19
author_id_203,female,15-19
author_id_204,male,20-24
author_id_205,male,15-19
author_id_206,male,15-19
author_id_207,male,20-24
author_id_208,female,20-24
author_id_209,male,20-24
author_id_210,female,20-24
author_id_211,male,20-24
author_id_212,female,20-24
author_id_213,male,15-19
author_id_214,male,25-xx
author_id_215,male,20-24
author_id_216,female,20-24
author_id_217,male,15-19
author_id_218,male,20-24
author_id_219,female,20-24
author_id_220,male,20-24
author_id_221,female,15-19
author_id_222,male,15-19
author_id_223,male,20-24
author_id_224,female,20-24
author_id_225,male,20-24
author_id_226,male,25-xx
author_id_227,female,25-xx
author_id_228,male,20-24
author_id_229,male,15-19
author_id_230,female,20-24
author_id_231,male,20-24
author_id_232,female,20-24
author_id_233,male,25-xx
author_id_234,female,20-24
author_id_235,male,15-19
author_id_236,male,25-xx
author_id_237,female,15-19
author_id_238,male,20-24
author_id_239,female,25-xx
author_id_240,male,15-19
author_id_241,male,20-24
author_id_242,female,25-xx
author_id_243,male,15-19
author_id_244,male,20-24
author_id_245,male,20-24
author_id_246,male,20-24
author_id_247,female,15-19
author_id_248,male,20-24
author_id_249,female,20-24
author_id_250,male,20-24
author_id_251,female,15-19
author_id_252,female,25-xx
author_id_253,male,20-24
author_id_254,male,25-xx
author_id_255,female,25-xx
author_id_256,male,15-19
author_id_257,male,20-24
author_id_258,female,20-24
author_id_259,male,15-19
author_id_260,female,25-xx
author_id_261,male,15-19
author_id_262,male,20-24
author_id_263,male,15-19
author_id_264,female,20-24
author_id_265,male,25-xx
author_id_266,female,15-19
author_id_267,male,15-19
author_id_268,male,20-24
author_id_269,female,15-19
author_id_270,male,20-24
author_id_271,female,20-24
author_id_272,male,25-xx
author_id_273,female,25-xx
author_id_274,male,20-24
author_id_275,male,20-24
author_id_276,male,15-19
author_id_277,female,20-24
author_id_278,male,15-19
author_id_279,female,25-xx
author_id_280,male,20-24
author_id_281,male,25-xx
author_id_282,male,20-24
author_id_283,female,25-xx
author_id_284,male,20-24
author_id_285,female,20-24
author_id_286,male,15-19
author_id_287,male,20-24
author_id_288,female,15-19
author_id_289,male,15-19
author_id_290,female,15-19
author_id_291,male,20-24
author_id_292,male,15-19
author_id_293,female,25-xx
author_id_294,male,20-24
author_id_295,female,20-24
author_id_296,male,15-19
author_id_297,male,20-24
author_id_298,female,15-19
author_id_299,male,20-24
author_id_300,female,15-19
author_id_301,male,25-xx
author_id_302,male,20-24
author_id_303,female,20-24
author_id_304,male,25-xx
author_id_305,male,20-24
author_id_306,female,25-xx
author_id_307,male,20-24
author_id_308,male,15-19
author_id_309,female,20-24
author_id_310,male,20-24
author_id_311,female,25-xx
author_id_312,male,20-24
author_id_313,female,15-19
author_id_314,male,20-24
author_id_315,female,25-xx
author_id_316,male,25-xx
author_id_317,male,15-19
author_id_318,female,20-24
author_id_319,male,20-24
author_id_320,female,15-19
author_id_321,male,15-19
author_id_322,male,20-24
author_id_323,female,20-24
author_id_324,male,20-24
author_id_325,female,15-19
author_id_326,male,20-24
author_id_327,female,25-xx
author_id_328,male,25-xx
author_id_329,male,20-24
author_id_330,male,15-19
author_id_331,female,20-24
author_id_332,male,15-19
author_id_333,female,25-xx
author_id_334,male,20-24
author_id_335,male,20-24
author_id_336,female,15-19
author_id_337,female,25-xx
author_id_338,male,15-19
author_id_339,female,20-24
author_id_340,male,20-24
author_id_341,female,15-19
author_id_342,male,20-24
author_id_343,female,20-24
author_id_344,male,20-24
author_id_345,female,20-24
author_id_346,male,20-24
author_id_347,female,25-xx
author_id_348,male,20-24
author_id_349,female,15-19
author_id_350,male,15-19
